<!DOCTYPE node PUBLIC
        "-//freedesktop//DTD D-BUS Object Introspection 1.0//EN"
        "http://www.freedesktop.org/standards/dbus/1.0/introspect.dtd">

<!--
        Copyright (C) 2021 Purism SPC

        This library is free software; you can redistribute it and/or
        modify it under the terms of the GNU Lesser General Public
        License as published by the Free Software Foundation; either
        version 3 of the License, or (at your option) any later version.

        This library is distributed in the hope that it will be useful,
        but WITHOUT ANY WARRANTY; without even the implied warranty of
        MERCHANTABILITY or FITNESS FOR A PARTICULAR PURPOSE. See the GNU
        Lesser General Public License for more details.

        You should have received a copy of the GNU Lesser General
        Public License along with this library; if not, see <http://www.gnu.org/licenses/>.
-->

<node>

  <interface name="org.gnome.Calls.Call">
    <method name="Accept"/>
    <method name="Hangup"/>
    <method name="SendDtmf">
      <arg name="Tone" type="s" direction="in">
        <doc:doc>
          <doc:summary>A one character string. One of: 0-9,A-D,* or #.</doc:summary>
        </doc:doc>
      </arg>
    </method>
    <property name="Inbound" type="b" access="read"/>
    <property name="State" type="u" access="read"/>
    <property name="Id" type="s" access="read">
      <doc:doc>
        <doc:description>
          <doc:para>The Id identifying the call, e.g. a phone number</doc:para>
        </doc:description>
      </doc:doc>
    </property>
    <property name="DisplayName" type="s" access="read">
      <doc:doc>
        <doc:description>
          <doc:para>The DisplayName of the calling party, e.g. from address book</doc:para>
        </doc:description>
      </doc:doc>
    </property>
    <property name="ImagePath" type="s" access="read">
      <doc:doc>
        <doc:description>
          <doc:para>The path to an image to display for this call.</doc:para>
        </doc:description>
      </doc:doc>
    </property>
    <property name="Protocol" type="s" access="read">
      <doc:doc>
        <doc:description>
          <doc:para>The protocol used for this call</doc:para>
        </doc:description>
      </doc:doc>
    </property>
    <property name="Encrypted" type="b" access="read">
      <doc:doc>
        <doc:description>
          <doc:para>Whether the call is encrypted. This does not indicate anything about the
          type of encryption being used.</doc:para>
        </doc:description>
      </doc:doc>
    </property>
    <property name="CanDtmf" type="b" access="read">
      <doc:doc>
        <doc:description>
          <doc:para>Whether the call can do DTMF</doc:para>
        </doc:description>
      </doc:doc>
    </property>
  </interface>
</node>
