<?xml version="1.0" encoding="UTF-8" ?>
<!DOCTYPE node PUBLIC "-//freedesktop//DTD D-BUS Object Introspection 1.0//EN"
"http://www.freedesktop.org/standards/dbus/1.0/introspect.dtd">
<node>
  <interface name="org.freedesktop.login1.Session">
    <annotation name="org.gtk.GDBus.C.Name" value="LoginSession" />

    <property name="Active" type="b" access="read" />

    <property name="LockedHint" type="b" access="read" />

    <method name="SetLockedHint">
      <arg direction="in" type="b" />
    </method>

    <method name="SetBrightness">
      <arg name="subsystem" direction="in" type="s" />
      <arg name="name" direction="in" type="s" />
      <arg name="brightness" direction="in" type="u" />
    </method>

    <signal name="Lock" />

    <signal name="Unlock" />

  </interface>
</node>
