<!DOCTYPE node PUBLIC
        "-//freedesktop//DTD D-BUS Object Introspection 1.0//EN"
        "http://www.freedesktop.org/standards/dbus/1.0/introspect.dtd">

<!--
        Copyright (C) 2013 Red Hat, Inc.

        This library is free software; you can redistribute it and/or
        modify it under the terms of the GNU Lesser General Public
        License as published by the Free Software Foundation; either
        version 2 of the License, or (at your option) any later version.

        This library is distributed in the hope that it will be useful,
        but WITHOUT ANY WARRANTY; without even the implied warranty of
        MERCHANTABILITY or FITNESS FOR A PARTICULAR PURPOSE. See the GNU
        Lesser General Public License for more details.

        You should have received a copy of the GNU Lesser General
        Public License along with this library; if not, see <http://www.gnu.org/licenses/>.
-->

<node>
  <interface name="org.gnome.Shell">
    <method name="ShowMonitorLabels">
      <arg type="a{sv}" direction="in" name="params"/>
    </method>
    <method name="HideMonitorLabels"/>
    <method name="ShowOSD">
      <arg type="a{sv}" direction="in" name="params"/>
    </method>
    <method name="GrabAccelerator">
      <arg type="s" direction="in" name="accelerator"/>
      <arg type="u" direction="in" name="modeFlags"/>
      <arg type="u" direction="in" name="grabFlags"/>
      <arg type="u" direction="out" name="action"/>
    </method>
    <method name="GrabAccelerators">
      <arg type="a(suu)" direction="in" name="accelerators"/>
      <arg type="au" direction="out" name="actions"/>
    </method>
    <method name="UngrabAccelerator">
      <arg type="u" direction="in" name="action"/>
      <arg type="b" direction="out" name="success"/>
    </method>
    <method name="UngrabAccelerators">
      <arg type="au" direction="in" name="action"/>
      <arg type="b" direction="out" name="success"/>
    </method>
    <signal name="AcceleratorActivated">
      <arg name="action" type="u"/>
      <arg name="parameters" type="a{sv}"/>
    </signal>
    <property name="OverviewActive" type="b" access="read"/>
    <property name="ShellVersion" type="s" access="read"/>
  </interface>
</node>
