<?xml version="1.0" encoding="UTF-8"?>
<gresources>
  <gresource prefix="/sm/puri/phosh">
    <file preprocess="xml-stripblanks">ui/activity.ui</file>
    <file preprocess="xml-stripblanks">ui/app-auth-prompt.ui</file>
    <file preprocess="xml-stripblanks">ui/app-grid-base-button.ui</file>
    <file preprocess="xml-stripblanks">ui/app-grid-button.ui</file>
    <file preprocess="xml-stripblanks">ui/app-grid-folder-button.ui</file>
    <file preprocess="xml-stripblanks">ui/app-grid.ui</file>
    <file preprocess="xml-stripblanks">ui/audio-device-row.ui</file>
    <file preprocess="xml-stripblanks">ui/audio-settings.ui</file>
    <file preprocess="xml-stripblanks">ui/bt-device-row.ui</file>
    <file preprocess="xml-stripblanks">ui/bt-status-page.ui</file>
    <file preprocess="xml-stripblanks">ui/call-notification.ui</file>
    <file preprocess="xml-stripblanks">ui/emergency-contact-row.ui</file>
    <file preprocess="xml-stripblanks">ui/emergency-menu.ui</file>
    <file preprocess="xml-stripblanks">ui/end-session-dialog.ui</file>
    <file preprocess="xml-stripblanks">ui/gtk-mount-prompt.ui</file>
    <file preprocess="xml-stripblanks">ui/gvc-channel-bar.ui</file>
    <file preprocess="xml-stripblanks">ui/home.ui</file>
    <file preprocess="xml-stripblanks">ui/keypad.ui</file>
    <file preprocess="xml-stripblanks">ui/lockscreen.ui</file>
    <file preprocess="xml-stripblanks">ui/media-player.ui</file>
    <file preprocess="xml-stripblanks">ui/network-auth-prompt.ui</file>
    <file preprocess="xml-stripblanks">ui/notification-content.ui</file>
    <file preprocess="xml-stripblanks">ui/notification-frame.ui</file>
    <file preprocess="xml-stripblanks">ui/osd-window.ui</file>
    <file preprocess="xml-stripblanks">ui/overview.ui</file>
    <file preprocess="xml-stripblanks">ui/password-entry.ui</file>
    <file preprocess="xml-stripblanks">ui/polkit-auth-prompt.ui</file>
    <file preprocess="xml-stripblanks">ui/power-menu.ui</file>
    <file preprocess="xml-stripblanks">ui/quick-setting.ui</file>
    <file preprocess="xml-stripblanks">ui/run-command-dialog.ui</file>
    <file preprocess="xml-stripblanks">ui/settings.ui</file>
    <file preprocess="xml-stripblanks">ui/splash.ui</file>
    <file preprocess="xml-stripblanks">ui/status-page.ui</file>
    <file preprocess="xml-stripblanks">ui/status-page-placeholder.ui</file>
    <file preprocess="xml-stripblanks">ui/system-modal-dialog.ui</file>
    <file preprocess="xml-stripblanks">ui/system-prompt.ui</file>
    <file preprocess="xml-stripblanks">ui/top-panel.ui</file>
    <file preprocess="xml-stripblanks">ui/widget-box.ui</file>
    <file preprocess="xml-stripblanks">ui/wifi-network-row.ui</file>
    <file preprocess="xml-stripblanks">ui/wifi-status-page.ui</file>
    <file compressed="true">stylesheet/adwaita-dark.css</file>
    <file compressed="true">stylesheet/adwaita-hc-light.css</file>
    <file compressed="true">stylesheet/common.css</file>
    <file compressed="true" alias="fake-app.svg">../data/icons/fake-app.svg</file>
  </gresource>
  <gresource prefix="/sm/puri/phosh/icons/">
    <file alias="app-icon-unknown.svg">../data/icons/app-icon-unknown.svg</file>
    <file alias="app-icon-unknown-symbolic.svg">../data/icons/app-icon-unknown-symbolic.svg</file>
  </gresource>
  <gresource prefix="/sm/puri/phosh/icons/scalable/status/">
    <file alias="app-close-symbolic.svg">../data/icons/app-close-symbolic.svg</file>
    <file alias="asterisk-symbolic.svg">../data/icons/asterisk-symbolic.svg</file>
    <file alias="audio-handsfree-symbolic.svg">../data/icons/audio-handsfree-symbolic.svg</file>
    <file alias="auth-sim-locked-symbolic.svg">../data/icons/auth-sim-locked-symbolic.svg</file>
    <file alias="auth-sim-missing-symbolic.svg">../data/icons/auth-sim-missing-symbolic.svg</file>
    <file alias="camera-hardware-disabled-symbolic.svg">../data/icons/camera-hardware-disabled-symbolic.svg</file>
    <file alias="eye-not-looking-symbolic.svg">../data/icons/eye-not-looking-symbolic.svg</file>
    <file alias="eye-open-negative-filled-symbolic.svg">../data/icons/eye-open-negative-filled-symbolic.svg</file>
    <file alias="feedback-quiet-symbolic.svg">../data/icons/feedback-quiet-symbolic.svg</file>
    <file alias="input-powerbar-symbolic.svg">../data/icons/input-powerbar-symbolic.svg</file>
    <file alias="microphone-hardware-disabled-symbolic.svg">../data/icons/microphone-hardware-disabled-symbolic.svg</file>
    <file alias="mobile-data-symbolic.svg">../data/icons/mobile-data-symbolic.svg</file>
    <file alias="mobile-data-disabled-symbolic.svg">../data/icons/mobile-data-disabled-symbolic.svg</file>
    <file alias="moon-filled-symbolic.svg">../data/icons/moon-filled-symbolic.svg</file>
    <file alias="network-cellular-disabled-symbolic.svg">../data/icons/network-cellular-disabled-symbolic.svg</file>
    <file alias="network-cellular-no-data-signal-excellent-symbolic.svg">../data/icons/network-cellular-no-data-signal-excellent-symbolic.svg</file>
    <file alias="network-cellular-no-data-signal-good-symbolic.svg">../data/icons/network-cellular-no-data-signal-good-symbolic.svg</file>
    <file alias="network-cellular-no-data-signal-none-symbolic.svg">../data/icons/network-cellular-no-data-signal-none-symbolic.svg</file>
    <file alias="network-cellular-no-data-signal-ok-symbolic.svg">../data/icons/network-cellular-no-data-signal-ok-symbolic.svg</file>
    <file alias="network-cellular-no-data-signal-weak-symbolic.svg">../data/icons/network-cellular-no-data-signal-weak-symbolic.svg</file>
    <file alias="network-vpn-disabled-symbolic.svg">../data/icons/network-vpn-disabled-symbolic.svg</file>
    <file alias="network-wireless-disabled-symbolic.svg">../data/icons/network-wireless-disabled-symbolic.svg</file>
    <file alias="no-notifications-symbolic.svg">../data/icons/no-notifications-symbolic.svg</file>
    <file alias="padlock-symbolic.svg">../data/icons/padlock-symbolic.svg</file>
    <file alias="phone-docked-symbolic.svg">../data/icons/phone-docked-symbolic.svg</file>
    <file alias="phone-undocked-symbolic.svg">../data/icons/phone-undocked-symbolic.svg</file>
    <file alias="screen-rotation-landscape-symbolic.svg">../data/icons/screen-rotation-landscape-symbolic.svg</file>
    <file alias="screen-rotation-portrait-symbolic.svg">../data/icons/screen-rotation-portrait-symbolic.svg</file>
    <file alias="screenshot-portrait-symbolic.svg">../data/icons/screenshot-portrait-symbolic.svg</file>
    <file alias="skip-backwards-10-symbolic.svg">../data/icons/skip-backwards-10-symbolic.svg</file>
    <file alias="skip-forward-30-symbolic.svg">../data/icons/skip-forward-30-symbolic.svg</file>
    <file alias="swipe-arrow-symbolic.svg">../data/icons/swipe-arrow-symbolic.svg</file>
    <file alias="torch-disabled-symbolic.svg">../data/icons/torch-disabled-symbolic.svg</file>
    <file alias="torch-enabled-symbolic.svg">../data/icons/torch-enabled-symbolic.svg</file>
  </gresource>
</gresources>
